# Expired Jobs
/careers/jobs/register-interest-redruth/* /careers/register-interest/:splat 301
/careers/jobs/:job/* /careers/jobs/ 410


# careers.headforwards.com
/careers/careers/* /careers/:splat 301
/o/:job/c/new https://www.headforwards.com/careers/jobs/:job/application-form/ 301!
/o/:job https://www.headforwards.com/careers/jobs/:job/ 301!
/v/* https://headforwards.recruitee.com/v/:splat 301
http://www.careers.headforwards.com/* https://www.headforwards.com/careers/:splat 301!
https://www.careers.headforwards.com/* https://www.headforwards.com/careers/:splat 301!
http://careers.headforwards.com/*	 https://www.headforwards.com/careers/:splat 301!
https://careers.headforwards.com/*	 https://www.headforwards.com/careers/:splat 301!


# Netlify
https://headforwards-website2.netlify.com/* https://www.headforwards.com/:splat 301!


/vr-content/* https://vr.headforwards.com/vr-content/:splat 301


# WordPress Info Pages
/special-projects-division /how-we-work/two-different-working-models/ 301
/headforwards-to-cornwall /how-we-work/ 301
/late-summer-bbq /careers/our-culture/ 301
/the-agile-manifesto /how-we-work/ 301
/agile-excellence /how-we-work/ 301
/headtalks	https://www.youtube.com/channel/UC6EL0AsCvG7duu-PVsSQIXg	301
/what-we-do-software-development-outsourcing-in-the-uk /what-we-do/ 301
/welcome-screen	/	301
/location /careers/living-in-cornwall/ 301
/erdf /who-we-are/where-are-we-going/ 301
/vr	https://play.google.com/store/apps/developer?id=Headforwards	301
/home	/	301
/headforwards-engagement-process /how-we-work/ 301
/our-values /who-we-are/ 301
/benefits-of-outsourcing /what-we-do/ 301
# /who-we-are /who-we-are/ 200


# WordPress Media Files
/wp-content/uploads/2017/11/headforwards-logo.png /images/headforwards.png 301
/wp-content/themes/head-forwards/images/logo/head-forwards.png /images/headforwards.png 301
/wp-content/uploads/2020/01/Headforwards-Way.pdf /documents/Headforwards-Way.pdf 301
/sitemap_index.xml /sitemap.xml 301


# WordPress Legal Pages
/privacy-policy /privacy-notice/ 301
# /privacy-notice /privacy-notice/ 200
# /terms-of-use /terms-of-use/ 200
/contactus /contact/ 301
/thank-you /contact/ 410


# WordPress Careers Pages
/stage-two-application-form /careers/register-interest/application-form/ 301
/careers-old/application-form /careers/register-interest/application-form/ 301
/job-application-new /careers/register-interest/ 301
/applying-to-work-at-headforwards /careers/ 301

/techcareers /careers/ 301
/careers-old /careers/ 301

/advantages-working-headforwards /careers/working-at-headforwards/ 301
/python-developers /careers/teams-and-tech/ 301
/graduate-jobs-for-programmers /careers/teams-and-tech/ 301
/net-developer-careers /careers/teams-and-tech/ 301


# WordPress Jobs
/ruby-on-rails-developer /careers/jobs/ 410
/integration-services-architect /careers/jobs/ 410
/lead-front-end-developer /careers/jobs/ 410
/senior-qa-software-tester /careers/jobs/ 410
/webmethods-developer /careers/jobs/ 410
/senior-vmware-engineer /careers/jobs/ 410
/cpp-software-developer /careers/jobs/ 410
/qa-automation-engineer /careers/jobs/ 410
/product-owner /careers/jobs/ 410
/web-designer-old /careers/jobs/ 410
/ios-app-developer /careers/jobs/ 410
/web-designer /careers/jobs/ 410
/technical-support-manager /careers/jobs/ 410
/ui-ux-front-end-developer /careers/jobs/ 410
/java-software-developers /careers/jobs/ 410
/content-and-communication-co-ordinator /careers/jobs/ 410
/scrum-master-job /careers/jobs/ 410
/software-engineer-job /careers/jobs/ 410
/technical-support-analyst-job /careers/jobs/ 410
/qa-software-testers-job /careers/jobs/ 410
/marketing-assistant-job /careers/jobs/ 410
/test-analyst-job /careers/jobs/ 410
/java-developer-job /careers/jobs/ 410
/ui-developer-job /careers/jobs/ 410
/system-administrator-job /careers/jobs/ 410
/javascript-developer-job /careers/jobs/ 410
/front-end-web-developer-job /careers/jobs/ 410
/software-tester-job /careers/jobs/ 410
/outsource-software-development-specialists-for-the-travel-industry /careers/jobs/ 410
/developer-security-specialism /careers/jobs/ 410
/php-developer-job /careers/jobs/ 410
/perl-developer-job /careers/jobs/ 410
/full-stack-javascript-developer-job /careers/jobs/ 410
/net-developer-job /careers/jobs/ 410
/net-developer-jobs /careers/jobs/ 410
/python-developer-job /careers/jobs/ 410
/front-end-javascript-developer-job /careers/jobs/ 410


# WordPress Posts
/tag/toby-parkins /who-we-are/how-we-began/ 301

/2017/04/waterfall-vs-agile /how-we-work/ 301
/2016/08/bdd /how-we-work/ 301
/2017/08/how-outsourcing-your-software-development-with-headforwards-works /how-we-work/ 301

/2016/07/headforwards-merger /how-we-work/two-different-working-models/ 301
/2015/07/what-is-pair-programming /how-we-work/mobbing/ 301

/tag/careers /careers/ 301

/2016/04/cornwall-the-unlikely-high-tech-hub /careers/technology-in-cornwall/ 301
/2017/05/why-cornwall-is-disrupting-the-software-industry /careers/technology-in-cornwall/ 301

/2015/12/top-10-reasons-to-relocate-to-cornwall /careers/living-in-cornwall/ 301
/2016/04/cornwall-becoming-california-of-the-uk /careers/living-in-cornwall/ 301
/2015/10/top-10-things-to-do-on-your-lunch-break /careers/living-in-cornwall/ 301

/2012/09/ntt-partner-with-headforwards-for-software-development /careers/perl-python-and-golang/ 301

/2014/06/meal-at-the-wheelhouse-crab-and-oyster-bar /careers/our-culture/ 301
/2017/03/skinners-brewery-tour/ /careers/our-culture/ 301
/2017/10/headstock-2017/ /careers/our-culture/ 301
/2019/07/headstock-2019/ /careers/our-culture/ 301
/category/the-headforwards-team /careers/our-culture/ 301

#/news/
#/2017/08/attending-agile-on-the-beach-2017/
#/2018/03/agile-on-the-beach-code-retreat/
#/2017/03/21st-century-skill-teaching-kids-code/
#/2015/06/do-you-want-to-learn-code-in-cornwall/
#/2017/03/learn-code-online-resources-beginners/
#/2016/12/cornish-business-year-2016/
#/2017/01/headforwards-appoints-howell-lead-new-travel-division/
#/2018/03/increase-knowledge-sharing-organisation/

# Catchalls
/news/* /insights/ 301
/category/* /insights/ 301
/tag/* /insights/ 301
/author/* /insights/ 301
/2012/:month/* /insights/ 301
/2013/:month/* /insights/ 301
/2014/:month/* /insights/ 301
/2015/:month/* /insights/ 301
/2016/:month/* /insights/ 301
/2017/:month/* /insights/ 301
/2018/:month/* /insights/ 301
/2019/:month/* /insights/ 301
/2020/:month/* /insights/ 301
/wp-content/* /410/ 410
